{
    "name" : "plasma_b2c",
    "version" : "0.1.0",
    "color" : {
        "mode" : ["dark", "light"],
        "category": ["text", "surface", "background", "outline"],
        "subcategory" : ["on-dark", "on-light", "default", "inverse"]
    },
    "gradient" : {
        "mode" : ["dark", "light"],
        "category": ["text", "surface", "background", "outline"],
        "subcategory" : ["on-dark", "on-light", "default", "inverse"]
    },
    "shadow": {
        "direction": ["up", "down"],
        "kind": ["hard", "soft"],
        "size": ["l", "m", "s", "xs", "xxs"]
    },
    "shape": {
        "kind": [ "round" ],
        "size": [ "xxs", "xs", "s", "m", "l", "xl", "xxl"]
    },
    "typography": {
        "screen": ["screen-l", "screen-m", "screen-s"],
        "kind": ["display", "body", "text", "h1", "h2", "h3", "h4", "h5"],
        "size": ["l", "m", "s", "xs", "xxs"],
        "weight": ["normal", "bold"]
    },
    "font-family": {
        "kind": [ "text", "body", "header", "display"]
    },
    "tokens": [{
            "type": "color",
            "name": "dark.text.primary",
            "tags" : [
                "dark",
                "text",
                "primary"
            ],
            "displayName": "textPrimary",
            "description": "Text&Icons Default/General/textPrimary",
            "enabled": true
        },
        {
            "type": "gradient",
            "name": "dark.surface.gradient-main",
            "tags" : [
                "dark",
                "surface",
                "gradient-main"
            ],
            "displayName": "surfaceGradientMain",
            "description": "Surface Default/General/gradientMain",
            "enabled": true
        },
        {
            "type": "shadow",
            "name": "up.hard.xs",
            "tags" : [
                "up",
                "hard",
                "xs"
            ],
            "displayName": "shadowUpHardXs",
            "description": "Shadow Up Hard Xs",
            "enabled": true
        },
        {
            "type": "shape",
            "name": "round.xss",
            "tags": [
                "round",
                "xss"
            ],
            "displayName": "roundXss",
            "description": "cRxxs",
            "enabled": true
        },
        {
            "type": "typography",
            "name": "screen-s.text.s.normal",
            "tags": [
                "screen-s",
                "text",
                "s",
                "normal"
            ],
            "displayName": "textS",
            "description": "Text/Small Screen/TextS B",
            "enabled": true
        },
        {
            "type": "typography",
            "name": "screen-m.text.s.normal",
            "tags": [
                "screen-s",
                "text",
                "s",
                "normal"
            ],
            "displayName": "textS",
            "description": "Text/Small Screen/TextS B",
            "enabled": true
        },
        {
            "type": "font-family",
            "name": "text",
            "tags": [
                "text"
            ],
            "displayName": "fontFamilyText",
            "description": "Font-family: SB Sans Text",
            "enabled": true
        }
     ]
}
