{
    "text": {
        "name": "SB Sans Text",
        "fonts": [
            {
                "link": "https://cdn-app.sberdevices.ru/shared-static/0.0.0/fonts/SBSansText.0.2.0/SBSansText-Regular.otf",
                "weight": 300,
                "style": "normal"
            },
            {
                "link": "https://cdn-app.sberdevices.ru/shared-static/0.0.0/fonts/SBSansText.0.2.0/SBSansText-Italic.otf",
                "weight": 300,
                "style": "italic"
            },
            {
                "link": "https://cdn-app.sberdevices.ru/shared-static/0.0.0/fonts/SBSansText.0.2.0/SBSansText-Bold.otf",
                "weight": 600,
                "style": "normal"
            }
        ]
    }
}
